"Cost per minute in CLP on the WhatsApp Business Platform, effective April 1, 2026",,,,,
,,,,,
,,Business-initiated call minutes (per month),,What we charge,
"Market
 (per rate card)",Currency,From,To,Rate type,Rate
Argentina,CLP,,"50,000",List rate,8.9175
,CLP,"50,001","250,000",Tier rate,7.4165
,CLP,"250,001","1,000,000",Tier rate,6.4453
,CLP,"1,000,001","2,500,000",Tier rate,5.5624
,CLP,"2,500,001","5,000,000",Tier rate,4.5912
,CLP,"5,000,001",--,Tier rate,4.0615
Brazil,CLP,,"50,000",List rate,9.5356
,CLP,"50,001","250,000",Tier rate,6.0039
,CLP,"250,001","1,000,000",Tier rate,3.8849
,CLP,"1,000,001","2,500,000",Tier rate,3.0019
,CLP,"2,500,001","5,000,000",Tier rate,1.7659
,CLP,"5,000,001",--,Tier rate,1.5893
Chile,CLP,,"50,000",List rate,10.6833
,CLP,"50,001","250,000",Tier rate,8.6526
,CLP,"250,001","1,000,000",Tier rate,7.593
,CLP,"1,000,001","2,500,000",Tier rate,6.5336
,CLP,"2,500,001","5,000,000",Tier rate,5.8272
,CLP,"5,000,001",--,Tier rate,4.8561
Colombia,CLP,,"50,000",List rate,9.8004
,CLP,"50,001","250,000",Tier rate,8.0346
,CLP,"250,001","1,000,000",Tier rate,7.0633
,CLP,"1,000,001","2,500,000",Tier rate,5.739
,CLP,"2,500,001","5,000,000",Tier rate,3.5317
,CLP,"5,000,001",--,Tier rate,3.4435
Egypt,CLP,,"50,000",List rate,11.2131
,CLP,"50,001","250,000",Tier rate,9.4473
,CLP,"250,001","1,000,000",Tier rate,7.9463
,CLP,"1,000,001","2,500,000",Tier rate,6.0038
,CLP,"2,500,001","5,000,000",Tier rate,4.8561
,CLP,"5,000,001",--,Tier rate,4.4146
France,CLP,,"50,000",List rate,8.7409
,CLP,"50,001","250,000",Tier rate,7.2399
,CLP,"250,001","1,000,000",Tier rate,6.2687
,CLP,"1,000,001","2,500,000",Tier rate,5.2092
,CLP,"2,500,001","5,000,000",Tier rate,4.5912
,CLP,"5,000,001",--,Tier rate,4.1497
Germany,CLP,,"50,000",List rate,9.0941
,CLP,"50,001","250,000",Tier rate,7.4165
,CLP,"250,001","1,000,000",Tier rate,6.5337
,CLP,"1,000,001","2,500,000",Tier rate,5.4741
,CLP,"2,500,001","5,000,000",Tier rate,4.1497
,CLP,"5,000,001",--,Tier rate,3.7083
India,CLP,,"50,000",List rate,4.6795
,CLP,"50,001","250,000",Tier rate,3.3551
,CLP,"250,001","1,000,000",Tier rate,2.119
,CLP,"1,000,001","2,500,000",Tier rate,1.5893
,CLP,"2,500,001","5,000,000",Tier rate,1.0595
,CLP,"5,000,001",--,Tier rate,0.7063
Indonesia,CLP,,"50,000",List rate,21.3667
,CLP,"50,001","250,000",Tier rate,18.5414
,CLP,"250,001","1,000,000",Tier rate,17.3936
,CLP,"1,000,001","2,500,000",Tier rate,16.1575
,CLP,"2,500,001","5,000,000",Tier rate,13.7736
,CLP,"5,000,001",--,Tier rate,12.6258
Israel,CLP,,"50,000",List rate,11.2131
,CLP,"50,001","250,000",Tier rate,9.4473
,CLP,"250,001","1,000,000",Tier rate,8.1229
,CLP,"1,000,001","2,500,000",Tier rate,5.739
,CLP,"2,500,001","5,000,000",Tier rate,4.7678
,CLP,"5,000,001",--,Tier rate,4.238
Italy,CLP,,"50,000",List rate,10.6833
,CLP,"50,001","250,000",Tier rate,9.4472
,CLP,"250,001","1,000,000",Tier rate,8.3877
,CLP,"1,000,001","2,500,000",Tier rate,7.3282
,CLP,"2,500,001","5,000,000",Tier rate,6.7102
,CLP,"5,000,001",--,Tier rate,6.0922
Malaysia,CLP,,"50,000",List rate,9.5356
,CLP,"50,001","250,000",Tier rate,8.2995
,CLP,"250,001","1,000,000",Tier rate,6.2688
,CLP,"1,000,001","2,500,000",Tier rate,6.0922
,CLP,"2,500,001","5,000,000",Tier rate,5.2093
,CLP,"5,000,001",--,Tier rate,4.6795
Mexico,CLP,,"50,000",List rate,8.2995
,CLP,"50,001","250,000",Tier rate,7.0634
,CLP,"250,001","1,000,000",Tier rate,6.1805
,CLP,"1,000,001","2,500,000",Tier rate,4.7678
,CLP,"2,500,001","5,000,000",Tier rate,3.7083
,CLP,"5,000,001",--,Tier rate,3.3552
Netherlands,CLP,,"50,000",List rate,5.5624
,CLP,"50,001","250,000",Tier rate,4.5912
,CLP,"250,001","1,000,000",Tier rate,3.7966
,CLP,"1,000,001","2,500,000",Tier rate,3.0019
,CLP,"2,500,001","5,000,000",Tier rate,2.2073
,CLP,"5,000,001",--,Tier rate,2.0307
Nigeria,CLP,,"50,000",List rate,9.0941
,CLP,"50,001","250,000",Tier rate,7.4165
,CLP,"250,001","1,000,000",Tier rate,6.5337
,CLP,"1,000,001","2,500,000",Tier rate,6.0921
,CLP,"2,500,001","5,000,000",Tier rate,4.8561
,CLP,"5,000,001",--,Tier rate,4.6795
Pakistan,CLP,,"50,000",List rate,10.5068
,CLP,"50,001","250,000",Tier rate,8.1229
,CLP,"250,001","1,000,000",Tier rate,7.24
,CLP,"1,000,001","2,500,000",Tier rate,6.6219
,CLP,"2,500,001","5,000,000",Tier rate,6.2688
,CLP,"5,000,001",--,Tier rate,5.9156
Peru,CLP,,"50,000",List rate,10.6833
,CLP,"50,001","250,000",Tier rate,8.6526
,CLP,"250,001","1,000,000",Tier rate,7.593
,CLP,"1,000,001","2,500,000",Tier rate,6.5336
,CLP,"2,500,001","5,000,000",Tier rate,5.6507
,CLP,"5,000,001",--,Tier rate,5.2092
Russia,CLP,,"50,000",List rate,8.5643
,CLP,"50,001","250,000",Tier rate,7.2399
,CLP,"250,001","1,000,000",Tier rate,6.2687
,CLP,"1,000,001","2,500,000",Tier rate,5.1209
,CLP,"2,500,001","5,000,000",Tier rate,3.7966
,CLP,"5,000,001",--,Tier rate,3.5317
Saudi Arabia,CLP,,"50,000",List rate,11.2131
,CLP,"50,001","250,000",Tier rate,9.4473
,CLP,"250,001","1,000,000",Tier rate,7.9463
,CLP,"1,000,001","2,500,000",Tier rate,6.0038
,CLP,"2,500,001","5,000,000",Tier rate,4.8561
,CLP,"5,000,001",--,Tier rate,4.4146
South Africa,CLP,,"50,000",List rate,9.5356
,CLP,"50,001","250,000",Tier rate,6.8868
,CLP,"250,001","1,000,000",Tier rate,5.2093
,CLP,"1,000,001","2,500,000",Tier rate,3.8849
,CLP,"2,500,001","5,000,000",Tier rate,3.62
,CLP,"5,000,001",--,Tier rate,3.3551
Spain,CLP,,"50,000",List rate,11.3897
,CLP,"50,001","250,000",Tier rate,9.977
,CLP,"250,001","1,000,000",Tier rate,8.9176
,CLP,"1,000,001","2,500,000",Tier rate,7.5048
,CLP,"2,500,001","5,000,000",Tier rate,6.0921
,CLP,"5,000,001",--,Tier rate,5.3858
Turkey,CLP,,"50,000",List rate,9.5356
,CLP,"50,001","250,000",Tier rate,7.6815
,CLP,"250,001","1,000,000",Tier rate,6.7985
,CLP,"1,000,001","2,500,000",Tier rate,5.739
,CLP,"2,500,001","5,000,000",Tier rate,4.238
,CLP,"5,000,001",--,Tier rate,3.7083
United Arab Emirates,CLP,,"50,000",List rate,11.2131
,CLP,"50,001","250,000",Tier rate,9.4473
,CLP,"250,001","1,000,000",Tier rate,7.9463
,CLP,"1,000,001","2,500,000",Tier rate,6.0038
,CLP,"2,500,001","5,000,000",Tier rate,4.8561
,CLP,"5,000,001",--,Tier rate,4.4146
United Kingdom,CLP,,"50,000",List rate,8.7409
,CLP,"50,001","250,000",Tier rate,7.5931
,CLP,"250,001","1,000,000",Tier rate,6.6219
,CLP,"1,000,001","2,500,000",Tier rate,5.0327
,CLP,"2,500,001","5,000,000",Tier rate,3.7082
,CLP,"5,000,001",--,Tier rate,3.1785
North America,CLP,,"50,000",List rate,10.6833
,CLP,"50,001","250,000",Tier rate,8.9175
,CLP,"250,001","1,000,000",Tier rate,7.9462
,CLP,"1,000,001","2,500,000",Tier rate,5.739
,CLP,"2,500,001","5,000,000",Tier rate,3.7966
,CLP,"5,000,001",--,Tier rate,3.7083
Rest of Africa,CLP,,"50,000",List rate,9.0941
,CLP,"50,001","250,000",Tier rate,7.4165
,CLP,"250,001","1,000,000",Tier rate,6.5337
,CLP,"1,000,001","2,500,000",Tier rate,5.4741
,CLP,"2,500,001","5,000,000",Tier rate,4.1497
,CLP,"5,000,001",--,Tier rate,3.7083
Rest of Asia Pacific,CLP,,"50,000",List rate,10.0653
,CLP,"50,001","250,000",Tier rate,8.2994
,CLP,"250,001","1,000,000",Tier rate,7.1517
,CLP,"1,000,001","2,500,000",Tier rate,6.0921
,CLP,"2,500,001","5,000,000",Tier rate,4.5912
,CLP,"5,000,001",--,Tier rate,3.8848
Rest of Central & Eastern Europe,CLP,,"50,000",List rate,8.3878
,CLP,"50,001","250,000",Tier rate,6.7102
,CLP,"250,001","1,000,000",Tier rate,5.8273
,CLP,"1,000,001","2,500,000",Tier rate,5.121
,CLP,"2,500,001","5,000,000",Tier rate,3.7966
,CLP,"5,000,001",--,Tier rate,3.2668
Rest of Latin America,CLP,,"50,000",List rate,10.2419
,CLP,"50,001","250,000",Tier rate,8.3878
,CLP,"250,001","1,000,000",Tier rate,7.24
,CLP,"1,000,001","2,500,000",Tier rate,6.1805
,CLP,"2,500,001","5,000,000",Tier rate,4.238
,CLP,"5,000,001",--,Tier rate,4.1497
Rest of Middle East,CLP,,"50,000",List rate,11.2131
,CLP,"50,001","250,000",Tier rate,9.4473
,CLP,"250,001","1,000,000",Tier rate,7.9463
,CLP,"1,000,001","2,500,000",Tier rate,6.0038
,CLP,"2,500,001","5,000,000",Tier rate,4.8561
,CLP,"5,000,001",--,Tier rate,4.4146
Rest of Western Europe,CLP,,"50,000",List rate,9.0941
,CLP,"50,001","250,000",Tier rate,7.4165
,CLP,"250,001","1,000,000",Tier rate,6.5337
,CLP,"1,000,001","2,500,000",Tier rate,5.4741
,CLP,"2,500,001","5,000,000",Tier rate,4.8561
,CLP,"5,000,001",--,Tier rate,4.1497
Other,CLP,,"50,000",List rate,11.6546
,CLP,"50,001","250,000",Tier rate,9.977
,CLP,"250,001","1,000,000",Tier rate,8.476
,CLP,"1,000,001","2,500,000",Tier rate,7.3283
,CLP,"2,500,001","5,000,000",Tier rate,6.7103
,CLP,"5,000,001",--,Tier rate,6.357