"Cost per minute in EUR on the WhatsApp Business Platform, effective August 1, 2025",,,,,
,,,,,
,,Business-initiated call minutes (per month),,What we charge,
"Market
 (per rate card)",Currency,From,To,Rate type,Rate
Argentina,€,,"50,000",List rate,0.0084
,€,"50,001","250,000",Tier rate,0.007
,€,"250,001","1,000,000",Tier rate,0.0061
,€,"1,000,001","2,500,000",Tier rate,0.0052
,€,"2,500,001","5,000,000",Tier rate,0.0043
,€,"5,000,001",--,Tier rate,0.0038
Brazil,€,,"50,000",List rate,0.009
,€,"50,001","250,000",Tier rate,0.0057
,€,"250,001","1,000,000",Tier rate,0.0037
,€,"1,000,001","2,500,000",Tier rate,0.0028
,€,"2,500,001","5,000,000",Tier rate,0.0017
,€,"5,000,001",--,Tier rate,0.0015
Chile,€,,"50,000",List rate,0.01
,€,"50,001","250,000",Tier rate,0.0081
,€,"250,001","1,000,000",Tier rate,0.0071
,€,"1,000,001","2,500,000",Tier rate,0.0061
,€,"2,500,001","5,000,000",Tier rate,0.0055
,€,"5,000,001",--,Tier rate,0.0045
Colombia,€,,"50,000",List rate,0.0092
,€,"50,001","250,000",Tier rate,0.0075
,€,"250,001","1,000,000",Tier rate,0.0066
,€,"1,000,001","2,500,000",Tier rate,0.0054
,€,"2,500,001","5,000,000",Tier rate,0.0033
,€,"5,000,001",--,Tier rate,0.0032
Egypt,€,,"50,000",List rate,0.0105
,€,"50,001","250,000",Tier rate,0.0088
,€,"250,001","1,000,000",Tier rate,0.0074
,€,"1,000,001","2,500,000",Tier rate,0.0056
,€,"2,500,001","5,000,000",Tier rate,0.0045
,€,"5,000,001",--,Tier rate,0.0041
France,€,,"50,000",List rate,0.0082
,€,"50,001","250,000",Tier rate,0.0068
,€,"250,001","1,000,000",Tier rate,0.0059
,€,"1,000,001","2,500,000",Tier rate,0.0049
,€,"2,500,001","5,000,000",Tier rate,0.0043
,€,"5,000,001",--,Tier rate,0.0039
Germany,€,,"50,000",List rate,0.0085
,€,"50,001","250,000",Tier rate,0.0069
,€,"250,001","1,000,000",Tier rate,0.0061
,€,"1,000,001","2,500,000",Tier rate,0.0051
,€,"2,500,001","5,000,000",Tier rate,0.0039
,€,"5,000,001",--,Tier rate,0.0035
India,€,,"50,000",List rate,0.0044
,€,"50,001","250,000",Tier rate,0.0032
,€,"250,001","1,000,000",Tier rate,0.002
,€,"1,000,001","2,500,000",Tier rate,0.0015
,€,"2,500,001","5,000,000",Tier rate,0.001
,€,"5,000,001",--,Tier rate,0.0007
Indonesia,€,,"50,000",List rate,0.0201
,€,"50,001","250,000",Tier rate,0.0174
,€,"250,001","1,000,000",Tier rate,0.0164
,€,"1,000,001","2,500,000",Tier rate,0.0152
,€,"2,500,001","5,000,000",Tier rate,0.013
,€,"5,000,001",--,Tier rate,0.0119
Israel,€,,"50,000",List rate,0.0105
,€,"50,001","250,000",Tier rate,0.0088
,€,"250,001","1,000,000",Tier rate,0.0076
,€,"1,000,001","2,500,000",Tier rate,0.0054
,€,"2,500,001","5,000,000",Tier rate,0.0045
,€,"5,000,001",--,Tier rate,0.004
Italy,€,,"50,000",List rate,0.01
,€,"50,001","250,000",Tier rate,0.0088
,€,"250,001","1,000,000",Tier rate,0.0079
,€,"1,000,001","2,500,000",Tier rate,0.0069
,€,"2,500,001","5,000,000",Tier rate,0.0063
,€,"5,000,001",--,Tier rate,0.0057
Malaysia,€,,"50,000",List rate,0.009
,€,"50,001","250,000",Tier rate,0.0078
,€,"250,001","1,000,000",Tier rate,0.0059
,€,"1,000,001","2,500,000",Tier rate,0.0058
,€,"2,500,001","5,000,000",Tier rate,0.0049
,€,"5,000,001",--,Tier rate,0.0044
Mexico,€,,"50,000",List rate,0.0078
,€,"50,001","250,000",Tier rate,0.0066
,€,"250,001","1,000,000",Tier rate,0.0058
,€,"1,000,001","2,500,000",Tier rate,0.0045
,€,"2,500,001","5,000,000",Tier rate,0.0035
,€,"5,000,001",--,Tier rate,0.0032
Netherlands,€,,"50,000",List rate,0.0052
,€,"50,001","250,000",Tier rate,0.0043
,€,"250,001","1,000,000",Tier rate,0.0035
,€,"1,000,001","2,500,000",Tier rate,0.0028
,€,"2,500,001","5,000,000",Tier rate,0.0021
,€,"5,000,001",--,Tier rate,0.0019
Nigeria,€,,"50,000",List rate,0.0085
,€,"50,001","250,000",Tier rate,0.0069
,€,"250,001","1,000,000",Tier rate,0.0061
,€,"1,000,001","2,500,000",Tier rate,0.0057
,€,"2,500,001","5,000,000",Tier rate,0.0045
,€,"5,000,001",--,Tier rate,0.0044
Pakistan,€,,"50,000",List rate,0.0099
,€,"50,001","250,000",Tier rate,0.0077
,€,"250,001","1,000,000",Tier rate,0.0068
,€,"1,000,001","2,500,000",Tier rate,0.0062
,€,"2,500,001","5,000,000",Tier rate,0.0059
,€,"5,000,001",--,Tier rate,0.0056
Peru,€,,"50,000",List rate,0.01
,€,"50,001","250,000",Tier rate,0.0081
,€,"250,001","1,000,000",Tier rate,0.0071
,€,"1,000,001","2,500,000",Tier rate,0.0061
,€,"2,500,001","5,000,000",Tier rate,0.0053
,€,"5,000,001",--,Tier rate,0.0049
Russia,€,,"50,000",List rate,0.008
,€,"50,001","250,000",Tier rate,0.0068
,€,"250,001","1,000,000",Tier rate,0.0059
,€,"1,000,001","2,500,000",Tier rate,0.0048
,€,"2,500,001","5,000,000",Tier rate,0.0035
,€,"5,000,001",--,Tier rate,0.0033
Saudi Arabia,€,,"50,000",List rate,0.0105
,€,"50,001","250,000",Tier rate,0.0088
,€,"250,001","1,000,000",Tier rate,0.0074
,€,"1,000,001","2,500,000",Tier rate,0.0056
,€,"2,500,001","5,000,000",Tier rate,0.0045
,€,"5,000,001",--,Tier rate,0.0041
South Africa,€,,"50,000",List rate,0.009
,€,"50,001","250,000",Tier rate,0.0065
,€,"250,001","1,000,000",Tier rate,0.0049
,€,"1,000,001","2,500,000",Tier rate,0.0037
,€,"2,500,001","5,000,000",Tier rate,0.0034
,€,"5,000,001",--,Tier rate,0.0032
Spain,€,,"50,000",List rate,0.0107
,€,"50,001","250,000",Tier rate,0.0094
,€,"250,001","1,000,000",Tier rate,0.0084
,€,"1,000,001","2,500,000",Tier rate,0.0071
,€,"2,500,001","5,000,000",Tier rate,0.0057
,€,"5,000,001",--,Tier rate,0.0051
Turkey,€,,"50,000",List rate,0.009
,€,"50,001","250,000",Tier rate,0.0073
,€,"250,001","1,000,000",Tier rate,0.0064
,€,"1,000,001","2,500,000",Tier rate,0.0054
,€,"2,500,001","5,000,000",Tier rate,0.004
,€,"5,000,001",--,Tier rate,0.0035
United Arab Emirates,€,,"50,000",List rate,0.0105
,€,"50,001","250,000",Tier rate,0.0088
,€,"250,001","1,000,000",Tier rate,0.0074
,€,"1,000,001","2,500,000",Tier rate,0.0056
,€,"2,500,001","5,000,000",Tier rate,0.0045
,€,"5,000,001",--,Tier rate,0.0041
United Kingdom,€,,"50,000",List rate,0.0082
,€,"50,001","250,000",Tier rate,0.0071
,€,"250,001","1,000,000",Tier rate,0.0062
,€,"1,000,001","2,500,000",Tier rate,0.0047
,€,"2,500,001","5,000,000",Tier rate,0.0035
,€,"5,000,001",--,Tier rate,0.003
North America,€,,"50,000",List rate,0.01
,€,"50,001","250,000",Tier rate,0.0083
,€,"250,001","1,000,000",Tier rate,0.0074
,€,"1,000,001","2,500,000",Tier rate,0.0054
,€,"2,500,001","5,000,000",Tier rate,0.0036
,€,"5,000,001",--,Tier rate,0.0035
Rest of Africa,€,,"50,000",List rate,0.0085
,€,"50,001","250,000",Tier rate,0.0069
,€,"250,001","1,000,000",Tier rate,0.0061
,€,"1,000,001","2,500,000",Tier rate,0.0051
,€,"2,500,001","5,000,000",Tier rate,0.0039
,€,"5,000,001",--,Tier rate,0.0035
Rest of Asia Pacific,€,,"50,000",List rate,0.0095
,€,"50,001","250,000",Tier rate,0.0078
,€,"250,001","1,000,000",Tier rate,0.0068
,€,"1,000,001","2,500,000",Tier rate,0.0057
,€,"2,500,001","5,000,000",Tier rate,0.0043
,€,"5,000,001",--,Tier rate,0.0037
Rest of Central & Eastern Europe,€,,"50,000",List rate,0.0079
,€,"50,001","250,000",Tier rate,0.0063
,€,"250,001","1,000,000",Tier rate,0.0055
,€,"1,000,001","2,500,000",Tier rate,0.0048
,€,"2,500,001","5,000,000",Tier rate,0.0036
,€,"5,000,001",--,Tier rate,0.0031
Rest of Latin America,€,,"50,000",List rate,0.0096
,€,"50,001","250,000",Tier rate,0.0079
,€,"250,001","1,000,000",Tier rate,0.0068
,€,"1,000,001","2,500,000",Tier rate,0.0058
,€,"2,500,001","5,000,000",Tier rate,0.004
,€,"5,000,001",--,Tier rate,0.0039
Rest of Middle East,€,,"50,000",List rate,0.0105
,€,"50,001","250,000",Tier rate,0.0088
,€,"250,001","1,000,000",Tier rate,0.0074
,€,"1,000,001","2,500,000",Tier rate,0.0056
,€,"2,500,001","5,000,000",Tier rate,0.0045
,€,"5,000,001",--,Tier rate,0.0041
Rest of Western Europe,€,,"50,000",List rate,0.0085
,€,"50,001","250,000",Tier rate,0.0069
,€,"250,001","1,000,000",Tier rate,0.0061
,€,"1,000,001","2,500,000",Tier rate,0.0051
,€,"2,500,001","5,000,000",Tier rate,0.0045
,€,"5,000,001",--,Tier rate,0.0039
Other,€,,"50,000",List rate,0.0109
,€,"50,001","250,000",Tier rate,0.0093
,€,"250,001","1,000,000",Tier rate,0.0079
,€,"1,000,001","2,500,000",Tier rate,0.0069
,€,"2,500,001","5,000,000",Tier rate,0.0063
,€,"5,000,001",--,Tier rate,0.0059
