"Cost per minute in IDR on the WhatsApp Business Platform, effective August 1, 2025",,,,,
,,,,,
,,Business-initiated call minutes (per month),,What we charge,
"Market
 (per rate card)",Currency,From,To,Rate type,Rate
Argentina,Rp,,"50,000",List rate,144.1
,Rp,"50,001","250,000",Tier rate,119.9
,Rp,"250,001","1,000,000",Tier rate,104.2
,Rp,"1,000,001","2,500,000",Tier rate,89.9
,Rp,"2,500,001","5,000,000",Tier rate,74.2
,Rp,"5,000,001",--,Tier rate,65.7
Brazil,Rp,,"50,000",List rate,154.1
,Rp,"50,001","250,000",Tier rate,97
,Rp,"250,001","1,000,000",Tier rate,62.8
,Rp,"1,000,001","2,500,000",Tier rate,48.5
,Rp,"2,500,001","5,000,000",Tier rate,28.5
,Rp,"5,000,001",--,Tier rate,25.7
Chile,Rp,,"50,000",List rate,172.7
,Rp,"50,001","250,000",Tier rate,139.9
,Rp,"250,001","1,000,000",Tier rate,122.7
,Rp,"1,000,001","2,500,000",Tier rate,105.6
,Rp,"2,500,001","5,000,000",Tier rate,94.2
,Rp,"5,000,001",--,Tier rate,78.5
Colombia,Rp,,"50,000",List rate,158.4
,Rp,"50,001","250,000",Tier rate,129.9
,Rp,"250,001","1,000,000",Tier rate,114.2
,Rp,"1,000,001","2,500,000",Tier rate,92.8
,Rp,"2,500,001","5,000,000",Tier rate,57.1
,Rp,"5,000,001",--,Tier rate,55.7
Egypt,Rp,,"50,000",List rate,181.3
,Rp,"50,001","250,000",Tier rate,152.7
,Rp,"250,001","1,000,000",Tier rate,128.4
,Rp,"1,000,001","2,500,000",Tier rate,97
,Rp,"2,500,001","5,000,000",Tier rate,78.5
,Rp,"5,000,001",--,Tier rate,71.4
France,Rp,,"50,000",List rate,141.3
,Rp,"50,001","250,000",Tier rate,117
,Rp,"250,001","1,000,000",Tier rate,101.3
,Rp,"1,000,001","2,500,000",Tier rate,84.2
,Rp,"2,500,001","5,000,000",Tier rate,74.2
,Rp,"5,000,001",--,Tier rate,67.1
Germany,Rp,,"50,000",List rate,147
,Rp,"50,001","250,000",Tier rate,119.9
,Rp,"250,001","1,000,000",Tier rate,105.6
,Rp,"1,000,001","2,500,000",Tier rate,88.5
,Rp,"2,500,001","5,000,000",Tier rate,67.1
,Rp,"5,000,001",--,Tier rate,59.9
India,Rp,,"50,000",List rate,75.6
,Rp,"50,001","250,000",Tier rate,54.2
,Rp,"250,001","1,000,000",Tier rate,34.3
,Rp,"1,000,001","2,500,000",Tier rate,25.7
,Rp,"2,500,001","5,000,000",Tier rate,17.1
,Rp,"5,000,001",--,Tier rate,11.4
Indonesia,Rp,,"50,000",List rate,345.4
,Rp,"50,001","250,000",Tier rate,299.7
,Rp,"250,001","1,000,000",Tier rate,281.2
,Rp,"1,000,001","2,500,000",Tier rate,261.2
,Rp,"2,500,001","5,000,000",Tier rate,222.6
,Rp,"5,000,001",--,Tier rate,204.1
Israel,Rp,,"50,000",List rate,181.3
,Rp,"50,001","250,000",Tier rate,152.7
,Rp,"250,001","1,000,000",Tier rate,131.3
,Rp,"1,000,001","2,500,000",Tier rate,92.8
,Rp,"2,500,001","5,000,000",Tier rate,77.1
,Rp,"5,000,001",--,Tier rate,68.5
Italy,Rp,,"50,000",List rate,172.7
,Rp,"50,001","250,000",Tier rate,152.7
,Rp,"250,001","1,000,000",Tier rate,135.6
,Rp,"1,000,001","2,500,000",Tier rate,118.5
,Rp,"2,500,001","5,000,000",Tier rate,108.5
,Rp,"5,000,001",--,Tier rate,98.5
Malaysia,Rp,,"50,000",List rate,154.1
,Rp,"50,001","250,000",Tier rate,134.2
,Rp,"250,001","1,000,000",Tier rate,101.3
,Rp,"1,000,001","2,500,000",Tier rate,98.5
,Rp,"2,500,001","5,000,000",Tier rate,84.2
,Rp,"5,000,001",--,Tier rate,75.6
Mexico,Rp,,"50,000",List rate,134.2
,Rp,"50,001","250,000",Tier rate,114.2
,Rp,"250,001","1,000,000",Tier rate,99.9
,Rp,"1,000,001","2,500,000",Tier rate,77.1
,Rp,"2,500,001","5,000,000",Tier rate,59.9
,Rp,"5,000,001",--,Tier rate,54.2
Netherlands,Rp,,"50,000",List rate,89.9
,Rp,"50,001","250,000",Tier rate,74.2
,Rp,"250,001","1,000,000",Tier rate,61.4
,Rp,"1,000,001","2,500,000",Tier rate,48.5
,Rp,"2,500,001","5,000,000",Tier rate,35.7
,Rp,"5,000,001",--,Tier rate,32.8
Nigeria,Rp,,"50,000",List rate,147
,Rp,"50,001","250,000",Tier rate,119.9
,Rp,"250,001","1,000,000",Tier rate,105.6
,Rp,"1,000,001","2,500,000",Tier rate,98.5
,Rp,"2,500,001","5,000,000",Tier rate,78.5
,Rp,"5,000,001",--,Tier rate,75.6
Pakistan,Rp,,"50,000",List rate,169.8
,Rp,"50,001","250,000",Tier rate,131.3
,Rp,"250,001","1,000,000",Tier rate,117
,Rp,"1,000,001","2,500,000",Tier rate,107
,Rp,"2,500,001","5,000,000",Tier rate,101.3
,Rp,"5,000,001",--,Tier rate,95.6
Peru,Rp,,"50,000",List rate,172.7
,Rp,"50,001","250,000",Tier rate,139.9
,Rp,"250,001","1,000,000",Tier rate,122.7
,Rp,"1,000,001","2,500,000",Tier rate,105.6
,Rp,"2,500,001","5,000,000",Tier rate,91.3
,Rp,"5,000,001",--,Tier rate,84.2
Russia,Rp,,"50,000",List rate,138.4
,Rp,"50,001","250,000",Tier rate,117
,Rp,"250,001","1,000,000",Tier rate,101.3
,Rp,"1,000,001","2,500,000",Tier rate,82.8
,Rp,"2,500,001","5,000,000",Tier rate,61.4
,Rp,"5,000,001",--,Tier rate,57.1
Saudi Arabia,Rp,,"50,000",List rate,181.3
,Rp,"50,001","250,000",Tier rate,152.7
,Rp,"250,001","1,000,000",Tier rate,128.4
,Rp,"1,000,001","2,500,000",Tier rate,97
,Rp,"2,500,001","5,000,000",Tier rate,78.5
,Rp,"5,000,001",--,Tier rate,71.4
South Africa,Rp,,"50,000",List rate,154.1
,Rp,"50,001","250,000",Tier rate,111.3
,Rp,"250,001","1,000,000",Tier rate,84.2
,Rp,"1,000,001","2,500,000",Tier rate,62.8
,Rp,"2,500,001","5,000,000",Tier rate,58.5
,Rp,"5,000,001",--,Tier rate,54.2
Spain,Rp,,"50,000",List rate,184.1
,Rp,"50,001","250,000",Tier rate,161.3
,Rp,"250,001","1,000,000",Tier rate,144.1
,Rp,"1,000,001","2,500,000",Tier rate,121.3
,Rp,"2,500,001","5,000,000",Tier rate,98.5
,Rp,"5,000,001",--,Tier rate,87.1
Turkey,Rp,,"50,000",List rate,154.1
,Rp,"50,001","250,000",Tier rate,124.2
,Rp,"250,001","1,000,000",Tier rate,109.9
,Rp,"1,000,001","2,500,000",Tier rate,92.8
,Rp,"2,500,001","5,000,000",Tier rate,68.5
,Rp,"5,000,001",--,Tier rate,59.9
United Arab Emirates,Rp,,"50,000",List rate,181.3
,Rp,"50,001","250,000",Tier rate,152.7
,Rp,"250,001","1,000,000",Tier rate,128.4
,Rp,"1,000,001","2,500,000",Tier rate,97
,Rp,"2,500,001","5,000,000",Tier rate,78.5
,Rp,"5,000,001",--,Tier rate,71.4
United Kingdom,Rp,,"50,000",List rate,141.3
,Rp,"50,001","250,000",Tier rate,122.7
,Rp,"250,001","1,000,000",Tier rate,107
,Rp,"1,000,001","2,500,000",Tier rate,81.4
,Rp,"2,500,001","5,000,000",Tier rate,59.9
,Rp,"5,000,001",--,Tier rate,51.4
North America,Rp,,"50,000",List rate,172.7
,Rp,"50,001","250,000",Tier rate,144.1
,Rp,"250,001","1,000,000",Tier rate,128.4
,Rp,"1,000,001","2,500,000",Tier rate,92.8
,Rp,"2,500,001","5,000,000",Tier rate,61.4
,Rp,"5,000,001",--,Tier rate,59.9
Rest of Africa,Rp,,"50,000",List rate,147
,Rp,"50,001","250,000",Tier rate,119.9
,Rp,"250,001","1,000,000",Tier rate,105.6
,Rp,"1,000,001","2,500,000",Tier rate,88.5
,Rp,"2,500,001","5,000,000",Tier rate,67.1
,Rp,"5,000,001",--,Tier rate,59.9
Rest of Asia Pacific,Rp,,"50,000",List rate,162.7
,Rp,"50,001","250,000",Tier rate,134.2
,Rp,"250,001","1,000,000",Tier rate,115.6
,Rp,"1,000,001","2,500,000",Tier rate,98.5
,Rp,"2,500,001","5,000,000",Tier rate,74.2
,Rp,"5,000,001",--,Tier rate,62.8
Rest of Central & Eastern Europe,Rp,,"50,000",List rate,135.6
,Rp,"50,001","250,000",Tier rate,108.5
,Rp,"250,001","1,000,000",Tier rate,94.2
,Rp,"1,000,001","2,500,000",Tier rate,82.8
,Rp,"2,500,001","5,000,000",Tier rate,61.4
,Rp,"5,000,001",--,Tier rate,52.8
Rest of Latin America,Rp,,"50,000",List rate,165.6
,Rp,"50,001","250,000",Tier rate,135.6
,Rp,"250,001","1,000,000",Tier rate,117
,Rp,"1,000,001","2,500,000",Tier rate,99.9
,Rp,"2,500,001","5,000,000",Tier rate,68.5
,Rp,"5,000,001",--,Tier rate,67.1
Rest of Middle East,Rp,,"50,000",List rate,181.3
,Rp,"50,001","250,000",Tier rate,152.7
,Rp,"250,001","1,000,000",Tier rate,128.4
,Rp,"1,000,001","2,500,000",Tier rate,97
,Rp,"2,500,001","5,000,000",Tier rate,78.5
,Rp,"5,000,001",--,Tier rate,71.4
Rest of Western Europe,Rp,,"50,000",List rate,147
,Rp,"50,001","250,000",Tier rate,119.9
,Rp,"250,001","1,000,000",Tier rate,105.6
,Rp,"1,000,001","2,500,000",Tier rate,88.5
,Rp,"2,500,001","5,000,000",Tier rate,78.5
,Rp,"5,000,001",--,Tier rate,67.1
Other,Rp,,"50,000",List rate,188.4
,Rp,"50,001","250,000",Tier rate,161.3
,Rp,"250,001","1,000,000",Tier rate,137
,Rp,"1,000,001","2,500,000",Tier rate,118.5
,Rp,"2,500,001","5,000,000",Tier rate,108.5
,Rp,"5,000,001",--,Tier rate,102.8
