"Cost per minute in MYR on the WhatsApp Business Platform, effective April 1, 2026",,,,,
,,,,,
,,Business-initiated call minutes (per month),,What we charge,
"Market
 (per rate card)",Currency,From,To,Rate type,Rate
Argentina,MYR,,"50,000",List rate,0.0407
,MYR,"50,001","250,000",Tier rate,0.0338
,MYR,"250,001","1,000,000",Tier rate,0.0294
,MYR,"1,000,001","2,500,000",Tier rate,0.0254
,MYR,"2,500,001","5,000,000",Tier rate,0.021
,MYR,"5,000,001",--,Tier rate,0.0185
Brazil,MYR,,"50,000",List rate,0.0435
,MYR,"50,001","250,000",Tier rate,0.0274
,MYR,"250,001","1,000,000",Tier rate,0.0177
,MYR,"1,000,001","2,500,000",Tier rate,0.0137
,MYR,"2,500,001","5,000,000",Tier rate,0.0081
,MYR,"5,000,001",--,Tier rate,0.0073
Chile,MYR,,"50,000",List rate,0.0488
,MYR,"50,001","250,000",Tier rate,0.0395
,MYR,"250,001","1,000,000",Tier rate,0.0347
,MYR,"1,000,001","2,500,000",Tier rate,0.0298
,MYR,"2,500,001","5,000,000",Tier rate,0.0266
,MYR,"5,000,001",--,Tier rate,0.0222
Colombia,MYR,,"50,000",List rate,0.0448
,MYR,"50,001","250,000",Tier rate,0.0367
,MYR,"250,001","1,000,000",Tier rate,0.0323
,MYR,"1,000,001","2,500,000",Tier rate,0.0262
,MYR,"2,500,001","5,000,000",Tier rate,0.0161
,MYR,"5,000,001",--,Tier rate,0.0157
Egypt,MYR,,"50,000",List rate,0.0512
,MYR,"50,001","250,000",Tier rate,0.0431
,MYR,"250,001","1,000,000",Tier rate,0.0363
,MYR,"1,000,001","2,500,000",Tier rate,0.0274
,MYR,"2,500,001","5,000,000",Tier rate,0.0222
,MYR,"5,000,001",--,Tier rate,0.0202
France,MYR,,"50,000",List rate,0.0399
,MYR,"50,001","250,000",Tier rate,0.033
,MYR,"250,001","1,000,000",Tier rate,0.0286
,MYR,"1,000,001","2,500,000",Tier rate,0.0238
,MYR,"2,500,001","5,000,000",Tier rate,0.021
,MYR,"5,000,001",--,Tier rate,0.0189
Germany,MYR,,"50,000",List rate,0.0415
,MYR,"50,001","250,000",Tier rate,0.0338
,MYR,"250,001","1,000,000",Tier rate,0.0298
,MYR,"1,000,001","2,500,000",Tier rate,0.025
,MYR,"2,500,001","5,000,000",Tier rate,0.0189
,MYR,"5,000,001",--,Tier rate,0.0169
India,MYR,,"50,000",List rate,0.0214
,MYR,"50,001","250,000",Tier rate,0.0153
,MYR,"250,001","1,000,000",Tier rate,0.0097
,MYR,"1,000,001","2,500,000",Tier rate,0.0073
,MYR,"2,500,001","5,000,000",Tier rate,0.0048
,MYR,"5,000,001",--,Tier rate,0.0032
Indonesia,MYR,,"50,000",List rate,0.0976
,MYR,"50,001","250,000",Tier rate,0.0847
,MYR,"250,001","1,000,000",Tier rate,0.0795
,MYR,"1,000,001","2,500,000",Tier rate,0.0738
,MYR,"2,500,001","5,000,000",Tier rate,0.0629
,MYR,"5,000,001",--,Tier rate,0.0577
Israel,MYR,,"50,000",List rate,0.0512
,MYR,"50,001","250,000",Tier rate,0.0431
,MYR,"250,001","1,000,000",Tier rate,0.0371
,MYR,"1,000,001","2,500,000",Tier rate,0.0262
,MYR,"2,500,001","5,000,000",Tier rate,0.0218
,MYR,"5,000,001",--,Tier rate,0.0194
Italy,MYR,,"50,000",List rate,0.0488
,MYR,"50,001","250,000",Tier rate,0.0432
,MYR,"250,001","1,000,000",Tier rate,0.0383
,MYR,"1,000,001","2,500,000",Tier rate,0.0335
,MYR,"2,500,001","5,000,000",Tier rate,0.0307
,MYR,"5,000,001",--,Tier rate,0.0278
Malaysia,MYR,,"50,000",List rate,0.0435
,MYR,"50,001","250,000",Tier rate,0.0379
,MYR,"250,001","1,000,000",Tier rate,0.0286
,MYR,"1,000,001","2,500,000",Tier rate,0.0278
,MYR,"2,500,001","5,000,000",Tier rate,0.0238
,MYR,"5,000,001",--,Tier rate,0.0213
Mexico,MYR,,"50,000",List rate,0.0379
,MYR,"50,001","250,000",Tier rate,0.0323
,MYR,"250,001","1,000,000",Tier rate,0.0282
,MYR,"1,000,001","2,500,000",Tier rate,0.0218
,MYR,"2,500,001","5,000,000",Tier rate,0.0169
,MYR,"5,000,001",--,Tier rate,0.0153
Netherlands,MYR,,"50,000",List rate,0.0254
,MYR,"50,001","250,000",Tier rate,0.021
,MYR,"250,001","1,000,000",Tier rate,0.0173
,MYR,"1,000,001","2,500,000",Tier rate,0.0137
,MYR,"2,500,001","5,000,000",Tier rate,0.0101
,MYR,"5,000,001",--,Tier rate,0.0093
Nigeria,MYR,,"50,000",List rate,0.0415
,MYR,"50,001","250,000",Tier rate,0.0338
,MYR,"250,001","1,000,000",Tier rate,0.0298
,MYR,"1,000,001","2,500,000",Tier rate,0.0278
,MYR,"2,500,001","5,000,000",Tier rate,0.0222
,MYR,"5,000,001",--,Tier rate,0.0214
Pakistan,MYR,,"50,000",List rate,0.048
,MYR,"50,001","250,000",Tier rate,0.0371
,MYR,"250,001","1,000,000",Tier rate,0.0331
,MYR,"1,000,001","2,500,000",Tier rate,0.0303
,MYR,"2,500,001","5,000,000",Tier rate,0.0286
,MYR,"5,000,001",--,Tier rate,0.027
Peru,MYR,,"50,000",List rate,0.0488
,MYR,"50,001","250,000",Tier rate,0.0395
,MYR,"250,001","1,000,000",Tier rate,0.0347
,MYR,"1,000,001","2,500,000",Tier rate,0.0298
,MYR,"2,500,001","5,000,000",Tier rate,0.0258
,MYR,"5,000,001",--,Tier rate,0.0238
Russia,MYR,,"50,000",List rate,0.0391
,MYR,"50,001","250,000",Tier rate,0.0331
,MYR,"250,001","1,000,000",Tier rate,0.0286
,MYR,"1,000,001","2,500,000",Tier rate,0.0234
,MYR,"2,500,001","5,000,000",Tier rate,0.0173
,MYR,"5,000,001",--,Tier rate,0.0161
Saudi Arabia,MYR,,"50,000",List rate,0.0512
,MYR,"50,001","250,000",Tier rate,0.0431
,MYR,"250,001","1,000,000",Tier rate,0.0363
,MYR,"1,000,001","2,500,000",Tier rate,0.0274
,MYR,"2,500,001","5,000,000",Tier rate,0.0222
,MYR,"5,000,001",--,Tier rate,0.0202
South Africa,MYR,,"50,000",List rate,0.0435
,MYR,"50,001","250,000",Tier rate,0.0314
,MYR,"250,001","1,000,000",Tier rate,0.0238
,MYR,"1,000,001","2,500,000",Tier rate,0.0177
,MYR,"2,500,001","5,000,000",Tier rate,0.0165
,MYR,"5,000,001",--,Tier rate,0.0153
Spain,MYR,,"50,000",List rate,0.052
,MYR,"50,001","250,000",Tier rate,0.0456
,MYR,"250,001","1,000,000",Tier rate,0.0407
,MYR,"1,000,001","2,500,000",Tier rate,0.0343
,MYR,"2,500,001","5,000,000",Tier rate,0.0278
,MYR,"5,000,001",--,Tier rate,0.0246
Turkey,MYR,,"50,000",List rate,0.0435
,MYR,"50,001","250,000",Tier rate,0.035
,MYR,"250,001","1,000,000",Tier rate,0.031
,MYR,"1,000,001","2,500,000",Tier rate,0.0262
,MYR,"2,500,001","5,000,000",Tier rate,0.0193
,MYR,"5,000,001",--,Tier rate,0.0169
United Arab Emirates,MYR,,"50,000",List rate,0.0512
,MYR,"50,001","250,000",Tier rate,0.0431
,MYR,"250,001","1,000,000",Tier rate,0.0363
,MYR,"1,000,001","2,500,000",Tier rate,0.0274
,MYR,"2,500,001","5,000,000",Tier rate,0.0222
,MYR,"5,000,001",--,Tier rate,0.0202
United Kingdom,MYR,,"50,000",List rate,0.0399
,MYR,"50,001","250,000",Tier rate,0.0347
,MYR,"250,001","1,000,000",Tier rate,0.0302
,MYR,"1,000,001","2,500,000",Tier rate,0.023
,MYR,"2,500,001","5,000,000",Tier rate,0.0169
,MYR,"5,000,001",--,Tier rate,0.0145
North America,MYR,,"50,000",List rate,0.0488
,MYR,"50,001","250,000",Tier rate,0.0407
,MYR,"250,001","1,000,000",Tier rate,0.0363
,MYR,"1,000,001","2,500,000",Tier rate,0.0262
,MYR,"2,500,001","5,000,000",Tier rate,0.0173
,MYR,"5,000,001",--,Tier rate,0.0169
Rest of Africa,MYR,,"50,000",List rate,0.0415
,MYR,"50,001","250,000",Tier rate,0.0338
,MYR,"250,001","1,000,000",Tier rate,0.0298
,MYR,"1,000,001","2,500,000",Tier rate,0.025
,MYR,"2,500,001","5,000,000",Tier rate,0.0189
,MYR,"5,000,001",--,Tier rate,0.0169
Rest of Asia Pacific,MYR,,"50,000",List rate,0.046
,MYR,"50,001","250,000",Tier rate,0.0379
,MYR,"250,001","1,000,000",Tier rate,0.0327
,MYR,"1,000,001","2,500,000",Tier rate,0.0278
,MYR,"2,500,001","5,000,000",Tier rate,0.021
,MYR,"5,000,001",--,Tier rate,0.0178
Rest of Central & Eastern Europe,MYR,,"50,000",List rate,0.0383
,MYR,"50,001","250,000",Tier rate,0.0306
,MYR,"250,001","1,000,000",Tier rate,0.0266
,MYR,"1,000,001","2,500,000",Tier rate,0.0234
,MYR,"2,500,001","5,000,000",Tier rate,0.0173
,MYR,"5,000,001",--,Tier rate,0.0149
Rest of Latin America,MYR,,"50,000",List rate,0.0468
,MYR,"50,001","250,000",Tier rate,0.0383
,MYR,"250,001","1,000,000",Tier rate,0.0331
,MYR,"1,000,001","2,500,000",Tier rate,0.0282
,MYR,"2,500,001","5,000,000",Tier rate,0.0194
,MYR,"5,000,001",--,Tier rate,0.019
Rest of Middle East,MYR,,"50,000",List rate,0.0512
,MYR,"50,001","250,000",Tier rate,0.0431
,MYR,"250,001","1,000,000",Tier rate,0.0363
,MYR,"1,000,001","2,500,000",Tier rate,0.0274
,MYR,"2,500,001","5,000,000",Tier rate,0.0222
,MYR,"5,000,001",--,Tier rate,0.0202
Rest of Western Europe,MYR,,"50,000",List rate,0.0415
,MYR,"50,001","250,000",Tier rate,0.0338
,MYR,"250,001","1,000,000",Tier rate,0.0298
,MYR,"1,000,001","2,500,000",Tier rate,0.025
,MYR,"2,500,001","5,000,000",Tier rate,0.0222
,MYR,"5,000,001",--,Tier rate,0.0189
Other,MYR,,"50,000",List rate,0.0532
,MYR,"50,001","250,000",Tier rate,0.0455
,MYR,"250,001","1,000,000",Tier rate,0.0387
,MYR,"1,000,001","2,500,000",Tier rate,0.0335
,MYR,"2,500,001","5,000,000",Tier rate,0.0306
,MYR,"5,000,001",--,Tier rate,0.029